SYMBOL,COUNT,DATE
INFIBEAM,1,25-01-2024
GMBREW,1,04-01-2024
HFCL,1,04-01-2024
COASTCORP,1,04-01-2024
BRNL,1,04-01-2024
CAPACITE,1,04-01-2024
INDTERRAIN,1,04-01-2024
ADORWELD,1,04-01-2024
CHEMBOND,1,05-01-2024
ALMONDZ,1,05-01-2024
BCLIND,1,05-01-2024
GEPIL,1,05-01-2024
DISHTV,1,05-01-2024
ADSL,1,05-01-2024
FIEMIND,1,08-01-2024
AXITA,1,08-01-2024
BGRENERGY,1,08-01-2024
DEN,1,08-01-2024
BALAJITELE,1,08-01-2024
ASHOKA,1,09-01-2024
GMDCLTD,1,09-01-2024
CAREERP,1,09-01-2024
BORORENEW,1,09-01-2024
BHARATWIRE,1,09-01-2024
BASML,1,09-01-2024
HITECH,1,04-01-2024
IBREALEST,1,04-01-2024
HCC,1,25-01-2024
KCP,1,04-01-2024
DCBBANK,1,01-01-2024
GSFC,1,01-01-2024
BIRLAMONEY,1,01-01-2024
MADRASFERT,1,01-01-2024
NFL,1,01-01-2024
MAXIND,1,01-01-2024
3IINFOLTD,1,01-01-2024
GOKUL,1,01-01-2024
DREDGECORP,1,01-01-2024
INNOVACAP,1,01-01-2024
OLECTRA,1,01-01-2024
ALLCARGO,1,02-01-2024
ENGINERSIN,1,02-01-2024
DELTACORP,1,02-01-2024
GSLSU,1,02-01-2024
BEPL,1,02-01-2024
DCW,1,02-01-2024
APEX,1,03-01-2024
KOPRAN,1,03-01-2024
IRCON,1,03-01-2024
INDOAMIN,1,03-01-2024
KELLTONTEC,1,03-01-2024
ATL,1,03-01-2024
COCHINSHIP,1,10-01-2024
GNA,1,10-01-2024
AURUM,1,10-01-2024
AWHCL,1,10-01-2024
MIRZAINT,1,17-01-2024
MUNJALSHOW,1,18-01-2024
HUDCO,1,19-01-2024
KHAICHEM,1,19-01-2024
FILATEX,1,19-01-2024
HPAL,1,19-01-2024
AARTISURF,1,19-01-2024
CEATLTD,1,20-01-2024
MTNL,1,20-01-2024
GREAVESCOT,1,20-01-2024
HINDOILEXP,1,20-01-2024
NBCC,1,20-01-2024
MANGCHEFER,1,20-01-2024
IFCI,1,23-01-2024
GLOBAL,1,23-01-2024
ALLSEC,1,23-01-2024
ADVANIHOTR,1,23-01-2024
MEDIASSIST,1,24-01-2024
MAHEPC,1,24-01-2024
ALBERTDAVD,1,25-01-2024
ASAL,1,25-01-2024
BOMDYEING,1,25-01-2024
DVL,1,25-01-2024
GANESHHOUC,1,17-01-2024
IEX,1,17-01-2024
ITDC,1,17-01-2024
COFFEEDAY,1,12-01-2024
CENTENKA,1,10-01-2024
GHCLTEXTIL,1,10-01-2024
ENIL,1,10-01-2024
AEROFLEX,1,11-01-2024
BALMLAWRIE,1,11-01-2024
DCXINDIA,1,11-01-2024
CHENNPETRO,1,11-01-2024
EASEMYTRIP,1,11-01-2024
AVANTIFEED,1,11-01-2024
BBL,1,12-01-2024
FSL,1,12-01-2024
MIDHANI,1,17-01-2024
GICHSGFIN,1,12-01-2024
GOACARBON,1,12-01-2024
ACCELYA,1,12-01-2024
DHANBANK,1,12-01-2024
APTECHT,1,15-01-2024
LIBERTSHOE,1,15-01-2024
MKPL,1,15-01-2024
INTENTECH,1,16-01-2024
EKC,1,16-01-2024
JMFINANCIL,1,16-01-2024
INDIAGLYCO,1,01-01-2024
